ID,post_title,post_name,post_date,post_status
2206,gallery_3326_img_3,gallery_3326_img_3,"2026-03-27 20:19:07",inherit
2204,gallery_3326_img_1,gallery_3326_img_1,"2026-03-27 20:19:06",inherit
2205,gallery_3326_img_2,gallery_3326_img_2,"2026-03-27 20:19:06",inherit
2203,gallery_3326_img_0,gallery_3326_img_0,"2026-03-27 20:19:04",inherit
2202,gallery_3314_img_2,gallery_3314_img_2,"2026-03-27 20:19:02",inherit
2201,gallery_3314_img_1,gallery_3314_img_1,"2026-03-27 20:18:50",inherit
2199,gallery_3306_img_2,gallery_3306_img_2,"2026-03-27 20:18:42",inherit
2200,gallery_3314_img_0,gallery_3314_img_0,"2026-03-27 20:18:42",inherit
2198,gallery_3306_img_1,gallery_3306_img_1,"2026-03-27 20:18:41",inherit
2197,gallery_3306_img_0,gallery_3306_img_0,"2026-03-27 20:18:40",inherit
2196,gallery_3300_img_2,gallery_3300_img_2,"2026-03-27 20:18:37",inherit
2195,gallery_3300_img_1,gallery_3300_img_1,"2026-03-27 20:18:30",inherit
2194,gallery_3300_img_0,gallery_3300_img_0,"2026-03-27 20:18:27",inherit
2193,gallery_3298_img_2,gallery_3298_img_2,"2026-03-27 20:18:26",inherit
2192,gallery_3298_img_1,gallery_3298_img_1,"2026-03-27 20:18:24",inherit
2191,gallery_3298_img_0,gallery_3298_img_0,"2026-03-27 20:18:23",inherit
2190,gallery_3294_img_0,gallery_3294_img_0,"2026-03-27 20:18:22",inherit
2188,gallery_3272_img_1,gallery_3272_img_1,"2026-03-27 20:18:21",inherit
2189,gallery_3272_img_2,gallery_3272_img_2,"2026-03-27 20:18:21",inherit
2187,gallery_3272_img_0,gallery_3272_img_0,"2026-03-27 20:18:17",inherit
2186,gallery_3270_img_2,gallery_3270_img_2,"2026-03-27 20:18:14",inherit
2185,gallery_3270_img_1,gallery_3270_img_1,"2026-03-27 20:18:12",inherit
2184,gallery_3270_img_0,gallery_3270_img_0,"2026-03-27 20:18:10",inherit
2183,gallery_3266_img_2,gallery_3266_img_2,"2026-03-27 20:17:55",inherit
2182,gallery_3266_img_1,gallery_3266_img_1,"2026-03-27 20:17:50",inherit
2180,gallery_3262_img_0,gallery_3262_img_0,"2026-03-27 20:17:38",inherit
2181,gallery_3266_img_0,gallery_3266_img_0,"2026-03-27 20:17:38",inherit
2179,gallery_3256_img_2,gallery_3256_img_2,"2026-03-27 20:17:36",inherit
2178,gallery_3256_img_1,gallery_3256_img_1,"2026-03-27 20:17:35",inherit
2177,gallery_3256_img_0,gallery_3256_img_0,"2026-03-27 20:17:32",inherit
2176,gallery_3064_img_2,gallery_3064_img_2,"2026-03-27 20:17:28",inherit
2175,gallery_3064_img_1,gallery_3064_img_1,"2026-03-27 20:17:14",inherit
2174,gallery_3064_img_0,gallery_3064_img_0,"2026-03-27 20:17:11",inherit
2173,gallery_3028_img_2,gallery_3028_img_2,"2026-03-27 20:17:06",inherit
2172,gallery_3028_img_1,gallery_3028_img_1,"2026-03-27 20:17:01",inherit
2171,gallery_3028_img_0,gallery_3028_img_0,"2026-03-27 20:16:59",inherit
2170,gallery_3022_img_2,gallery_3022_img_2,"2026-03-27 20:16:51",inherit
2169,gallery_3022_img_1,gallery_3022_img_1,"2026-03-27 20:16:33",inherit
2168,gallery_3022_img_0,gallery_3022_img_0,"2026-03-27 20:16:22",inherit
2166,gallery_2810_img_2,gallery_2810_img_2,"2026-03-27 20:16:16",inherit
2167,gallery_3012_img_0,gallery_3012_img_0,"2026-03-27 20:16:16",inherit
2165,gallery_2810_img_1,gallery_2810_img_1,"2026-03-27 20:16:15",inherit
2164,gallery_2810_img_0,gallery_2810_img_0,"2026-03-27 20:16:14",inherit
2163,gallery_2806_img_2,gallery_2806_img_2,"2026-03-27 20:16:12",inherit
2162,gallery_2806_img_1,gallery_2806_img_1,"2026-03-27 20:16:09",inherit
2161,gallery_2806_img_0,gallery_2806_img_0,"2026-03-27 20:16:06",inherit
2160,gallery_2798_img_2,gallery_2798_img_2,"2026-03-27 20:16:03",inherit
2159,gallery_2798_img_1,gallery_2798_img_1,"2026-03-27 20:16:00",inherit
2158,gallery_2798_img_0,gallery_2798_img_0,"2026-03-27 20:15:57",inherit
2157,gallery_2786_img_2,gallery_2786_img_2,"2026-03-27 20:15:51",inherit
2156,gallery_2786_img_1,gallery_2786_img_1,"2026-03-27 20:15:46",inherit
2155,gallery_2786_img_0,gallery_2786_img_0,"2026-03-27 20:15:40",inherit
2154,gallery_2780_img_2,gallery_2780_img_2,"2026-03-27 20:15:38",inherit
2153,gallery_2780_img_1,gallery_2780_img_1,"2026-03-27 20:15:37",inherit
2152,gallery_2780_img_0,gallery_2780_img_0,"2026-03-27 20:15:35",inherit
2151,gallery_2776_img_2,gallery_2776_img_2,"2026-03-27 20:15:34",inherit
2150,gallery_2776_img_1,gallery_2776_img_1,"2026-03-27 20:15:32",inherit
2149,gallery_2776_img_0,gallery_2776_img_0,"2026-03-27 20:15:31",inherit
2148,gallery_2774_img_2,gallery_2774_img_2,"2026-03-27 20:15:30",inherit
2147,gallery_2774_img_1,gallery_2774_img_1,"2026-03-27 20:15:29",inherit
2146,gallery_2774_img_0,gallery_2774_img_0,"2026-03-27 20:15:28",inherit
2144,gallery_2770_img_1,gallery_2770_img_1,"2026-03-27 20:15:27",inherit
2145,gallery_2770_img_2,gallery_2770_img_2,"2026-03-27 20:15:27",inherit
2143,gallery_2770_img_0,gallery_2770_img_0,"2026-03-27 20:15:26",inherit
2142,gallery_2762_img_0,gallery_2762_img_0,"2026-03-27 20:15:24",inherit
2141,gallery_2754_img_0,gallery_2754_img_0,"2026-03-27 20:15:21",inherit
2140,gallery_2746_img_2,gallery_2746_img_2,"2026-03-27 20:15:20",inherit
2139,gallery_2746_img_1,gallery_2746_img_1,"2026-03-27 20:15:16",inherit
2138,gallery_2746_img_0,gallery_2746_img_0,"2026-03-27 20:15:12",inherit
2137,gallery_1877_img_2,gallery_1877_img_2,"2026-03-27 20:15:11",inherit
2136,gallery_1877_img_1,gallery_1877_img_1,"2026-03-27 20:15:10",inherit
2135,gallery_1877_img_0,gallery_1877_img_0,"2026-03-27 20:15:09",inherit
2134,gallery_1873_img_2,gallery_1873_img_2,"2026-03-27 20:15:08",inherit
2133,gallery_1873_img_1,gallery_1873_img_1,"2026-03-27 20:15:07",inherit
2132,gallery_1873_img_0,gallery_1873_img_0,"2026-03-27 20:15:06",inherit
2130,gallery_1871_img_1,gallery_1871_img_1,"2026-03-27 20:15:05",inherit
2131,gallery_1871_img_2,gallery_1871_img_2,"2026-03-27 20:15:05",inherit
2129,gallery_1871_img_0,gallery_1871_img_0,"2026-03-27 20:15:03",inherit
2128,gallery_1869_img_1,gallery_1869_img_1,"2026-03-27 20:14:59",inherit
2127,gallery_1869_img_0,gallery_1869_img_0,"2026-03-27 20:14:55",inherit
2126,gallery_1867_img_2,gallery_1867_img_2,"2026-03-27 20:14:50",inherit
2125,gallery_1867_img_1,gallery_1867_img_1,"2026-03-27 20:14:46",inherit
2124,gallery_1867_img_0,gallery_1867_img_0,"2026-03-27 20:14:42",inherit
2123,gallery_1865_img_2,gallery_1865_img_2,"2026-03-27 20:14:41",inherit
2122,gallery_1865_img_1,gallery_1865_img_1,"2026-03-27 20:14:40",inherit
2121,gallery_1865_img_0,gallery_1865_img_0,"2026-03-27 20:14:39",inherit
2120,gallery_1791_img_2,gallery_1791_img_2,"2026-03-27 20:14:38",inherit
2119,gallery_1791_img_1,gallery_1791_img_1,"2026-03-27 20:14:35",inherit
2118,gallery_1791_img_0,gallery_1791_img_0,"2026-03-27 20:14:34",inherit
2117,gallery_1789_img_2,gallery_1789_img_2,"2026-03-27 20:14:31",inherit
2116,gallery_1789_img_1,gallery_1789_img_1,"2026-03-27 20:14:28",inherit
2115,gallery_1789_img_0,gallery_1789_img_0,"2026-03-27 20:14:24",inherit
2114,gallery_1787_img_0,gallery_1787_img_0,"2026-03-27 20:14:23",inherit
2113,gallery_1783_img_0,gallery_1783_img_0,"2026-03-27 20:14:20",inherit
2112,gallery_1779_img_2,gallery_1779_img_2,"2026-03-27 20:14:19",inherit
2111,gallery_1779_img_1,gallery_1779_img_1,"2026-03-27 20:14:17",inherit
2110,gallery_1779_img_0,gallery_1779_img_0,"2026-03-27 20:14:16",inherit
2109,gallery_1775_img_0,gallery_1775_img_0,"2026-03-27 20:14:14",inherit
2108,gallery_1773_img_2,gallery_1773_img_2,"2026-03-27 20:14:13",inherit
2107,gallery_1773_img_1,gallery_1773_img_1,"2026-03-27 20:14:09",inherit
2106,gallery_1773_img_0,gallery_1773_img_0,"2026-03-27 20:14:08",inherit
2105,gallery_1771_img_2,gallery_1771_img_2,"2026-03-27 20:14:04",inherit
2104,gallery_1771_img_1,gallery_1771_img_1,"2026-03-27 20:14:03",inherit
2103,gallery_1771_img_0,gallery_1771_img_0,"2026-03-27 20:14:00",inherit
2102,gallery_1769_img_2,gallery_1769_img_2,"2026-03-27 20:13:50",inherit
2101,gallery_1769_img_1,gallery_1769_img_1,"2026-03-27 20:13:42",inherit
2100,gallery_1769_img_0,gallery_1769_img_0,"2026-03-27 20:13:32",inherit
2099,gallery_1765_img_0,gallery_1765_img_0,"2026-03-27 20:13:31",inherit
2098,"LA REVISTA -- 15SAVRO",la-revista-15savro,"2026-03-27 20:13:28",inherit
2097,gallery_1753_img_2,gallery_1753_img_2,"2026-03-27 20:13:26",inherit
2096,gallery_1753_img_1,gallery_1753_img_1,"2026-03-27 20:13:24",inherit
2095,gallery_1753_img_0,gallery_1753_img_0,"2026-03-27 20:13:22",inherit
2093,gallery_1749_img_1,gallery_1749_img_1,"2026-03-27 20:13:21",inherit
2094,gallery_1749_img_2,gallery_1749_img_2,"2026-03-27 20:13:21",inherit
2092,gallery_1749_img_0,gallery_1749_img_0,"2026-03-27 20:13:20",inherit
2091,gallery_1741_img_2,gallery_1741_img_2,"2026-03-27 20:13:19",inherit
2090,"xr:d:DAFZveVFYNE:9,j:3172002359,t:23020522",xrddafzvevfyne9j3172002359t23020522-2,"2026-03-27 20:13:17",inherit
2089,"xr:d:DAFZveVFYNE:6,j:3171954698,t:23020522",xrddafzvevfyne6j3171954698t23020522-2,"2026-03-27 20:13:16",inherit
2088,gallery_1691_img_2,gallery_1691_img_2,"2026-03-27 20:13:15",inherit
2087,gallery_1691_img_1,gallery_1691_img_1,"2026-03-27 20:13:14",inherit
2086,gallery_1691_img_0,gallery_1691_img_0,"2026-03-27 20:13:13",inherit
2085,gallery_1689_img_2,gallery_1689_img_2,"2026-03-27 20:13:10",inherit
2084,gallery_1689_img_1,gallery_1689_img_1,"2026-03-27 20:13:06",inherit
2083,gallery_1689_img_0,gallery_1689_img_0,"2026-03-27 20:13:03",inherit
2082,gallery_1685_img_2,gallery_1685_img_2,"2026-03-27 20:13:02",inherit
2081,gallery_1685_img_1,gallery_1685_img_1,"2026-03-27 20:13:01",inherit
2080,gallery_1685_img_0,gallery_1685_img_0,"2026-03-27 20:13:00",inherit
2078,gallery_1681_img_2,gallery_1681_img_2,"2026-03-27 20:12:59",inherit
2079,gallery_1683_img_0,gallery_1683_img_0,"2026-03-27 20:12:59",inherit
2077,gallery_1681_img_1,gallery_1681_img_1,"2026-03-27 20:12:58",inherit
2076,gallery_1681_img_0,gallery_1681_img_0,"2026-03-27 20:12:55",inherit
2075,gallery_1669_img_2,gallery_1669_img_2,"2026-03-27 20:12:54",inherit
2073,gallery_1669_img_0,gallery_1669_img_0,"2026-03-27 20:12:53",inherit
2074,gallery_1669_img_1,gallery_1669_img_1,"2026-03-27 20:12:53",inherit
2072,gallery_1627_img_2,gallery_1627_img_2,"2026-03-27 20:12:49",inherit
2071,gallery_1627_img_1,gallery_1627_img_1,"2026-03-27 20:12:46",inherit
2070,gallery_1627_img_0,gallery_1627_img_0,"2026-03-27 20:12:43",inherit
2069,gallery_1621_img_2,gallery_1621_img_2,"2026-03-27 20:12:42",inherit
2068,"xr:d:DAFZveVFYNE:9,j:3172002359,t:23020522",xrddafzvevfyne9j3172002359t23020522,"2026-03-27 20:12:41",inherit
2067,"xr:d:DAFZveVFYNE:6,j:3171954698,t:23020522",xrddafzvevfyne6j3171954698t23020522,"2026-03-27 20:12:39",inherit
2065,gallery_1469_img_1,gallery_1469_img_1,"2026-03-27 20:12:38",inherit
2066,gallery_1469_img_2,gallery_1469_img_2,"2026-03-27 20:12:38",inherit
2064,gallery_1469_img_0,gallery_1469_img_0,"2026-03-27 20:12:37",inherit
2063,gallery_1459_img_0,gallery_1459_img_0,"2026-03-27 20:12:34",inherit
2062,gallery_1453_img_2,gallery_1453_img_2,"2026-03-27 20:12:31",inherit
2061,gallery_1453_img_1,gallery_1453_img_1,"2026-03-27 20:12:30",inherit
2060,gallery_1453_img_0,gallery_1453_img_0,"2026-03-27 20:12:26",inherit
2059,gallery_1449_img_0,gallery_1449_img_0,"2026-03-27 20:12:24",inherit
2058,gallery_1443_img_2,gallery_1443_img_2,"2026-03-27 20:12:21",inherit
2057,gallery_1443_img_1,gallery_1443_img_1,"2026-03-27 20:12:18",inherit
2056,gallery_1443_img_0,gallery_1443_img_0,"2026-03-27 20:12:15",inherit
2055,gallery_1439_img_2,gallery_1439_img_2,"2026-03-27 20:12:14",inherit
2054,gallery_1439_img_1,gallery_1439_img_1,"2026-03-27 20:12:13",inherit
2052,gallery_1431_img_2,gallery_1431_img_2,"2026-03-27 20:12:12",inherit
2053,gallery_1439_img_0,gallery_1439_img_0,"2026-03-27 20:12:12",inherit
2050,gallery_1431_img_0,gallery_1431_img_0,"2026-03-27 20:12:11",inherit
2051,gallery_1431_img_1,gallery_1431_img_1,"2026-03-27 20:12:11",inherit
2049,gallery_1429_img_2,gallery_1429_img_2,"2026-03-27 20:12:08",inherit
2048,gallery_1429_img_1,gallery_1429_img_1,"2026-03-27 20:12:05",inherit
2045,gallery_1419_img_0,gallery_1419_img_0,"2026-03-27 20:12:01",inherit
2046,gallery_1419_img_1,gallery_1419_img_1,"2026-03-27 20:12:01",inherit
2047,gallery_1429_img_0,gallery_1429_img_0,"2026-03-27 20:12:01",inherit
2044,gallery_1413_img_2,gallery_1413_img_2,"2026-03-27 20:11:57",inherit
2043,gallery_1413_img_1,gallery_1413_img_1,"2026-03-27 20:11:54",inherit
2042,gallery_1413_img_0,gallery_1413_img_0,"2026-03-27 20:11:51",inherit
2041,gallery_1411_img_2,gallery_1411_img_2,"2026-03-27 20:11:50",inherit
2040,gallery_1411_img_1,gallery_1411_img_1,"2026-03-27 20:11:46",inherit
2039,gallery_1411_img_0,gallery_1411_img_0,"2026-03-27 20:11:41",inherit
2038,gallery_1405_img_2,gallery_1405_img_2,"2026-03-27 20:11:38",inherit
2037,gallery_1405_img_1,gallery_1405_img_1,"2026-03-27 20:11:35",inherit
2036,gallery_1405_img_0,gallery_1405_img_0,"2026-03-27 20:11:32",inherit
2035,gallery_1401_img_2,gallery_1401_img_2,"2026-03-27 20:11:31",inherit
2034,gallery_1401_img_1,gallery_1401_img_1,"2026-03-27 20:11:30",inherit
2033,gallery_1401_img_0,gallery_1401_img_0,"2026-03-27 20:11:29",inherit
2032,gallery_1397_img_2,gallery_1397_img_2,"2026-03-27 20:11:27",inherit
2031,gallery_1397_img_1,gallery_1397_img_1,"2026-03-27 20:11:25",inherit
2030,gallery_1397_img_0,gallery_1397_img_0,"2026-03-27 20:11:23",inherit
2029,gallery_1393_img_2,gallery_1393_img_2,"2026-03-27 20:11:20",inherit
2028,gallery_1393_img_1,gallery_1393_img_1,"2026-03-27 20:11:17",inherit
2027,gallery_1393_img_0,gallery_1393_img_0,"2026-03-27 20:11:15",inherit
2026,gallery_1389_img_2,gallery_1389_img_2,"2026-03-27 20:11:06",inherit
2025,gallery_1389_img_1,gallery_1389_img_1,"2026-03-27 20:10:54",inherit
2024,gallery_1389_img_0,gallery_1389_img_0,"2026-03-27 20:10:43",inherit
2023,gallery_1387_img_2,gallery_1387_img_2,"2026-03-27 20:10:39",inherit
2022,gallery_1387_img_1,gallery_1387_img_1,"2026-03-27 20:10:34",inherit
2020,gallery_1385_img_1,gallery_1385_img_1,"2026-03-27 20:10:29",inherit
2021,gallery_1387_img_0,gallery_1387_img_0,"2026-03-27 20:10:29",inherit
2019,gallery_1385_img_0,gallery_1385_img_0,"2026-03-27 20:10:28",inherit
2018,gallery_1383_img_2,gallery_1383_img_2,"2026-03-27 20:10:25",inherit
2017,gallery_1383_img_1,gallery_1383_img_1,"2026-03-27 20:10:21",inherit
2016,gallery_1383_img_0,gallery_1383_img_0,"2026-03-27 20:10:18",inherit
2015,gallery_1379_img_2,gallery_1379_img_2,"2026-03-27 20:10:17",inherit
2014,gallery_1379_img_1,gallery_1379_img_1,"2026-03-27 20:10:16",inherit
2012,gallery_1377_img_2,gallery_1377_img_2,"2026-03-27 20:10:15",inherit
2013,gallery_1379_img_0,gallery_1379_img_0,"2026-03-27 20:10:15",inherit
2010,gallery_1377_img_0,gallery_1377_img_0,"2026-03-27 20:10:14",inherit
2011,gallery_1377_img_1,gallery_1377_img_1,"2026-03-27 20:10:14",inherit
2009,gallery_1375_img_2,gallery_1375_img_2,"2026-03-27 20:10:12",inherit
2008,gallery_1375_img_1,gallery_1375_img_1,"2026-03-27 20:10:11",inherit
2007,gallery_1375_img_0,gallery_1375_img_0,"2026-03-27 20:10:08",inherit
2006,gallery_1365_img_1,gallery_1365_img_1,"2026-03-27 20:10:05",inherit
2005,gallery_1365_img_0,gallery_1365_img_0,"2026-03-27 20:10:02",inherit
2004,gallery_1363_img_2,gallery_1363_img_2,"2026-03-27 20:09:59",inherit
2003,gallery_1363_img_1,gallery_1363_img_1,"2026-03-27 20:09:56",inherit
2002,gallery_1363_img_0,gallery_1363_img_0,"2026-03-27 20:09:53",inherit
2001,gallery_1361_img_2,gallery_1361_img_2,"2026-03-27 20:09:50",inherit
2000,gallery_1361_img_1,gallery_1361_img_1,"2026-03-27 20:09:48",inherit
1999,gallery_1361_img_0,gallery_1361_img_0,"2026-03-27 20:09:45",inherit
1998,gallery_1359_img_2,gallery_1359_img_2,"2026-03-27 20:09:42",inherit
1997,gallery_1359_img_1,gallery_1359_img_1,"2026-03-27 20:09:39",inherit
1996,gallery_1359_img_0,gallery_1359_img_0,"2026-03-27 20:09:36",inherit
1995,gallery_1279_img_2,gallery_1279_img_2,"2026-03-27 20:09:33",inherit
1994,gallery_1279_img_1,gallery_1279_img_1,"2026-03-27 20:09:30",inherit
1993,gallery_1279_img_0,gallery_1279_img_0,"2026-03-27 20:09:27",inherit
1992,gallery_1275_img_2,gallery_1275_img_2,"2026-03-27 20:09:21",inherit
1991,default,default-2,"2026-03-27 20:09:15",inherit
1990,default,default,"2026-03-27 20:09:09",inherit
1989,gallery_1273_img_2,gallery_1273_img_2,"2026-03-27 20:09:08",inherit
1988,gallery_1273_img_1,gallery_1273_img_1,"2026-03-27 20:09:07",inherit
1987,gallery_1273_img_0,gallery_1273_img_0,"2026-03-27 20:09:06",inherit
1985,gallery_1271_img_1,gallery_1271_img_1,"2026-03-27 20:09:03",inherit
1986,gallery_1271_img_2,gallery_1271_img_2,"2026-03-27 20:09:03",inherit
1984,gallery_1271_img_0,gallery_1271_img_0,"2026-03-27 20:09:02",inherit
1983,gallery_1267_img_2,gallery_1267_img_2,"2026-03-27 20:08:57",inherit
1982,gallery_1267_img_1,gallery_1267_img_1,"2026-03-27 20:08:54",inherit
1981,gallery_1267_img_0,gallery_1267_img_0,"2026-03-27 20:08:47",inherit
1980,gallery_1261_img_2,gallery_1261_img_2,"2026-03-27 20:08:45",inherit
1979,gallery_1261_img_1,gallery_1261_img_1,"2026-03-27 20:08:43",inherit
1977,gallery_1253_img_2,gallery_1253_img_2,"2026-03-27 20:08:40",inherit
1978,gallery_1261_img_0,gallery_1261_img_0,"2026-03-27 20:08:40",inherit
1976,gallery_1253_img_1,gallery_1253_img_1,"2026-03-27 20:08:39",inherit
1975,gallery_1253_img_0,gallery_1253_img_0,"2026-03-27 20:08:35",inherit
1973,gallery_1243_img_2,gallery_1243_img_2,"2026-03-27 20:08:31",inherit
1974,gallery_1251_img_0,gallery_1251_img_0,"2026-03-27 20:08:31",inherit
1972,gallery_1243_img_1,gallery_1243_img_1,"2026-03-27 20:08:27",inherit
1971,gallery_1243_img_0,gallery_1243_img_0,"2026-03-27 20:08:26",inherit
1970,gallery_1239_img_2,gallery_1239_img_2,"2026-03-27 20:08:22",inherit
1969,gallery_1239_img_1,gallery_1239_img_1,"2026-03-27 20:08:18",inherit
1968,gallery_1239_img_0,gallery_1239_img_0,"2026-03-27 20:08:14",inherit
1967,gallery_1235_img_2,gallery_1235_img_2,"2026-03-27 20:08:11",inherit
1966,gallery_1235_img_1,gallery_1235_img_1,"2026-03-27 20:08:07",inherit
1965,gallery_1235_img_0,gallery_1235_img_0,"2026-03-27 20:08:03",inherit
1964,gallery_1233_img_2,gallery_1233_img_2,"2026-03-27 20:08:01",inherit
1963,gallery_1233_img_1,gallery_1233_img_1,"2026-03-27 20:07:59",inherit
1962,gallery_1233_img_0,gallery_1233_img_0,"2026-03-27 20:07:57",inherit
1961,gallery_1229_img_2,gallery_1229_img_2,"2026-03-27 20:07:56",inherit
1960,gallery_1229_img_1,gallery_1229_img_1,"2026-03-27 20:07:50",inherit
1959,gallery_1229_img_0,gallery_1229_img_0,"2026-03-27 20:07:49",inherit
1958,gallery_1221_img_2,gallery_1221_img_2,"2026-03-27 20:07:42",inherit
1956,gallery_1221_img_0,gallery_1221_img_0,"2026-03-27 20:07:36",inherit
1957,DCIM102MEDIADJI_0505.JPG,dcim102mediadji_0505-jpg,"2026-03-27 20:07:36",inherit
1955,gallery_1215_img_2,gallery_1215_img_2,"2026-03-27 20:07:33",inherit
1954,gallery_1215_img_1,gallery_1215_img_1,"2026-03-27 20:07:29",inherit
1953,gallery_1215_img_0,gallery_1215_img_0,"2026-03-27 20:07:25",inherit
1952,gallery_1211_img_2,gallery_1211_img_2,"2026-03-27 20:07:23",inherit
1951,gallery_1211_img_1,gallery_1211_img_1,"2026-03-27 20:07:21",inherit
1950,gallery_1211_img_0,gallery_1211_img_0,"2026-03-27 20:07:18",inherit
1949,gallery_1207_img_2,gallery_1207_img_2,"2026-03-27 20:07:16",inherit
1948,gallery_1207_img_1,gallery_1207_img_1,"2026-03-27 20:07:13",inherit
1947,DCIM100MEDIADJI_0063.JPG,dcim100mediadji_0063-jpg,"2026-03-27 20:07:11",inherit
1946,gallery_1199_img_2,gallery_1199_img_2,"2026-03-27 20:07:08",inherit
1945,gallery_1199_img_1,gallery_1199_img_1,"2026-03-27 20:07:05",inherit
1944,gallery_1199_img_0,gallery_1199_img_0,"2026-03-27 20:07:04",inherit
1943,gallery_1197_img_2,gallery_1197_img_2,"2026-03-27 20:07:03",inherit
1942,gallery_1197_img_1,gallery_1197_img_1,"2026-03-27 20:07:02",inherit
1941,gallery_1197_img_0,gallery_1197_img_0,"2026-03-27 20:07:01",inherit
1940,gallery_1191_img_0,gallery_1191_img_0,"2026-03-27 20:07:00",inherit
1939,gallery_1189_img_1,gallery_1189_img_1,"2026-03-27 20:06:56",inherit
1938,gallery_1189_img_0,gallery_1189_img_0,"2026-03-27 20:06:53",inherit
1937,gallery_1187_img_2,gallery_1187_img_2,"2026-03-27 20:06:52",inherit
1934,gallery_1185_img_0,gallery_1185_img_0,"2026-03-27 20:06:51",inherit
1935,gallery_1187_img_0,gallery_1187_img_0,"2026-03-27 20:06:51",inherit
1936,gallery_1187_img_1,gallery_1187_img_1,"2026-03-27 20:06:51",inherit
1933,gallery_1183_img_2,gallery_1183_img_2,"2026-03-27 20:06:49",inherit
1932,gallery_1183_img_1,gallery_1183_img_1,"2026-03-27 20:06:47",inherit
1931,gallery_1183_img_0,gallery_1183_img_0,"2026-03-27 20:06:46",inherit
1930,gallery_1177_img_2,gallery_1177_img_2,"2026-03-27 20:06:43",inherit
1929,gallery_1177_img_1,gallery_1177_img_1,"2026-03-27 20:06:41",inherit
1928,gallery_1177_img_0,gallery_1177_img_0,"2026-03-27 20:06:39",inherit
1927,gallery_1173_img_2,gallery_1173_img_2,"2026-03-27 20:06:35",inherit
1926,gallery_1173_img_1,gallery_1173_img_1,"2026-03-27 20:06:29",inherit
1925,gallery_1173_img_0,gallery_1173_img_0,"2026-03-27 20:06:22",inherit
1924,gallery_1169_img_2,gallery_1169_img_2,"2026-03-27 20:06:20",inherit
1923,gallery_1169_img_1,gallery_1169_img_1,"2026-03-27 20:06:18",inherit
1922,gallery_1169_img_0,gallery_1169_img_0,"2026-03-27 20:06:17",inherit
1921,gallery_1161_img_0,gallery_1161_img_0,"2026-03-27 20:06:15",inherit
1920,gallery_1153_img_2,gallery_1153_img_2,"2026-03-27 20:06:12",inherit
1919,gallery_1153_img_1,gallery_1153_img_1,"2026-03-27 20:06:07",inherit
1918,gallery_1153_img_0,gallery_1153_img_0,"2026-03-27 20:06:00",inherit
1893,"OCA Sucursales",oca-sucursales,"2026-03-05 15:20:12",publish
1894,"OCA Rastreo",oca_rastreo,"2026-03-05 15:20:12",publish
1890,,slide-racer-s,"2026-03-02 13:53:49",inherit
1889,,slide-racer-x,"2026-03-02 13:50:41",inherit
1758,,envios-entrega-en-el-dia,"2025-09-19 19:01:13",inherit
1757,,envios-por-flete-en-el-dia,"2025-09-19 18:57:05",inherit
1746,,x-seat-compatible-con-racer-x,"2025-09-09 19:28:01",inherit
1745,,racer-x-modular-sin-shifter,"2025-09-09 19:25:43",inherit
1744,,x-seat-agregado-de-butaca,"2025-09-09 19:22:20",inherit
1743,,racer-x-modular-con-shifter,"2025-09-09 19:21:55",inherit
1710,,racers_26,"2025-08-09 13:49:47",inherit
1709,racers_25,racers_25,"2025-08-09 13:49:44",inherit
1708,,racers_24,"2025-08-09 13:49:41",inherit
1707,,racers_23,"2025-08-09 13:49:38",inherit
1706,,racers_22,"2025-08-09 13:49:33",inherit
1705,,racers_21,"2025-08-09 13:49:30",inherit
1704,,racers_20,"2025-08-09 13:49:25",inherit
1703,,racers_19,"2025-08-09 13:49:22",inherit
1702,,racers_18,"2025-08-09 13:49:19",inherit
1701,racers_16,racers_16,"2025-08-09 13:49:16",inherit
1700,,racers_15,"2025-08-09 13:49:13",inherit
1699,,racers_14,"2025-08-09 13:49:10",inherit
1698,,racers_13,"2025-08-09 13:49:07",inherit
1697,,racers_17,"2025-08-09 13:48:13",inherit
1696,,racers_12,"2025-08-09 13:45:35",inherit
1695,,racers_11,"2025-08-09 13:45:32",inherit
1694,,racers_10,"2025-08-09 13:45:30",inherit
1693,,racers_09,"2025-08-09 13:45:27",inherit
1692,,racers_08,"2025-08-09 13:45:24",inherit
1691,,racers_07,"2025-08-09 13:45:21",inherit
1690,,racers_04,"2025-08-09 13:45:18",inherit
1689,,racers_03,"2025-08-09 13:45:16",inherit
1688,,racers_02,"2025-08-09 13:45:13",inherit
1687,,racers_01,"2025-08-09 13:45:10",inherit
1686,,racers_05,"2025-08-09 13:44:27",inherit
1685,,racerx_14,"2025-08-09 13:09:43",inherit
1684,,racerx_13,"2025-08-09 13:09:40",inherit
1683,,racerx_12,"2025-08-09 13:09:37",inherit
1682,,racerx_11,"2025-08-09 13:09:34",inherit
1681,racerx_10,racerx_10,"2025-08-09 13:09:31",inherit
1680,,racerx_09,"2025-08-09 13:09:28",inherit
1679,,racerx_08,"2025-08-09 13:09:25",inherit
1678,,racerx_07,"2025-08-09 13:09:22",inherit
1677,,racerx_05,"2025-08-09 13:09:19",inherit
1676,,racerx_04,"2025-08-09 13:09:16",inherit
1675,,racerx_03,"2025-08-09 13:09:13",inherit
1674,,racerx_02,"2025-08-09 13:09:10",inherit
1673,,racerx_01,"2025-08-09 13:09:07",inherit
1672,,racerx_06,"2025-08-09 13:07:54",inherit
1671,,racerx_26,"2025-08-09 13:05:30",inherit
1670,,racerx_25,"2025-08-09 13:05:26",inherit
1669,,racerx_24,"2025-08-09 13:05:22",inherit
1668,,racerx_23,"2025-08-09 13:05:17",inherit
1667,,racerx_22,"2025-08-09 13:05:13",inherit
1666,,racerx_20,"2025-08-09 13:05:09",inherit
1665,,racerx_19,"2025-08-09 13:05:06",inherit
1664,,racerx_18,"2025-08-09 13:05:01",inherit
1663,,racerx_17,"2025-08-09 13:04:57",inherit
1662,,racerx_16,"2025-08-09 13:04:53",inherit
1661,,racerx_21,"2025-08-09 13:04:05",inherit
1514,,picsart_25-04-21_18-46-13-873,"2025-04-21 19:14:05",inherit
1513,20250421_183226,20250421_183226,"2025-04-21 19:13:20",inherit
1512,20250421_183056,20250421_183056,"2025-04-21 19:12:50",inherit
1511,20250421_182933,20250421_182933,"2025-04-21 19:12:21",inherit
1510,20250421_182806,20250421_182806,"2025-04-21 19:11:42",inherit
1509,"Screenshot 2025-04-21 185450",screenshot-2025-04-21-185450,"2025-04-21 19:11:22",inherit
1343,"Freno de Mano Jaditek Apex Handbrake",freno-de-mano-jaditek-apex-handbrake,"2025-02-28 18:29:22",publish
1427,,warning-sign-icon-transparent-background-free-png,"2025-01-30 18:56:22",inherit
1356,Photoroom-20241204_202919,photoroom-20241204_202919,"2024-12-04 20:31:16",inherit
1355,Photoroom-20241204_173200,photoroom-20241204_173200,"2024-12-04 20:20:29",inherit
1354,Photoroom-20241204_170724,photoroom-20241204_170724,"2024-12-04 20:20:17",inherit
1353,Photoroom-20241204_164751,photoroom-20241204_164751,"2024-12-04 20:20:07",inherit
1352,Photoroom-20241204_164619,photoroom-20241204_164619,"2024-12-04 20:19:57",inherit
1351,Photoroom-20241204_164527,photoroom-20241204_164527,"2024-12-04 20:19:47",inherit
1350,Photoroom-20241204_164326,photoroom-20241204_164326,"2024-12-04 20:19:31",inherit
1349,Photoroom-20241204_164104,photoroom-20241204_164104,"2024-12-04 20:19:19",inherit
1348,Photoroom-20241204_164019,photoroom-20241204_164019,"2024-12-04 20:19:10",inherit
1347,Photoroom-20241204_163914,photoroom-20241204_163914,"2024-12-04 20:18:58",inherit
1346,Photoroom-20241204_163801,photoroom-20241204_163801,"2024-12-04 20:18:47",inherit
1345,"JD HB Tras Der",jd-hb-tras-der,"2024-12-04 20:18:24",inherit
1304,,conv-moza,"2024-10-14 16:06:57",inherit
1302,"20241001_164306 (R)",20241001_164306-r,"2024-10-13 20:22:49",inherit
1301,"20241001_163620 (R)",20241001_163620-r,"2024-10-13 20:22:28",inherit
1300,"20241001_163416 (R)",20241001_163416-r,"2024-10-13 20:22:07",inherit
1299,"20241001_163158 (R)",20241001_163158-r,"2024-10-13 20:21:46",inherit
1298,"20241001_162959 (R)",20241001_162959-r,"2024-10-13 20:21:26",inherit
1297,"20241001_161219 (R)",20241001_161219-r,"2024-10-13 20:21:08",inherit
1296,"20241001_160804 (R)",20241001_160804-r,"2024-10-13 20:20:48",inherit
1295,"20241001_155101 (R)",20241001_155101-r,"2024-10-13 20:20:27",inherit
1294,"20241001_154733 (R)",20241001_154733-r,"2024-10-13 20:20:06",inherit
1293,"20241001_154055 (R)",20241001_154055-r,"2024-10-13 20:19:45",inherit
1292,"20241001_153929 (R)",20241001_153929-r,"2024-10-13 20:19:23",inherit
1291,"20241001_153509 (R)",20241001_153509-r,"2024-10-13 20:19:03",inherit
1290,"20241001_153312 (R)",20241001_153312-r,"2024-10-13 20:18:41",inherit
1282,,photoroom-20241003_101115,"2024-10-03 15:01:09",inherit
1281,,photoroom-20241003_101058,"2024-10-03 15:00:56",inherit
1280,,photoroom-20241003_095250,"2024-10-03 15:00:41",inherit
1279,,photoroom-20241003_095124,"2024-10-03 15:00:25",inherit
1278,,photoroom-20241003_095103,"2024-10-03 15:00:12",inherit
1277,,photoroom-20241003_095011-1,"2024-10-03 14:59:57",inherit
1276,,photoroom-20241003_094937,"2024-10-03 14:59:45",inherit
1275,,photoroom-20241003_094911,"2024-10-03 14:59:13",inherit
1272,"Kit de Conversión Pedalera Moza SR-P",kit-de-conversion-pedalera-moza-sr-p,"2024-10-03 14:58:12",publish
1259,,slide-alturas-sop-tv-bajo,"2024-09-13 12:17:29",inherit
1258,,20240905_180524-r,"2024-09-13 11:31:38",inherit
1257,,20240905_180436-r,"2024-09-13 11:31:25",inherit
1256,,20240905_180352-r,"2024-09-13 11:31:13",inherit
1255,,20240905_175359-r,"2024-09-13 11:31:01",inherit
1254,,20240905_172912-r,"2024-09-13 11:30:49",inherit
1253,,20240905_171658-r,"2024-09-13 11:30:36",inherit
1252,,20240905_171422-r,"2024-09-13 11:30:23",inherit
1251,,20240905_171324-r,"2024-09-13 11:30:11",inherit
1250,,20240905_171141-r,"2024-09-13 11:29:58",inherit
1249,,20240905_173319-r,"2024-09-13 10:17:07",inherit
1248,,20240905_175215-r,"2024-09-13 10:00:18",inherit
1245,"Soporte De TV Para Simulador LED/LCD 32"" a 65"" TV Stand",soporte-de-tv-para-simulador-led-lcd-32-a-65-tv-stand,"2024-09-13 09:43:43",publish
1195,"Modificación de Embrague para Pedales Logitech Invertidos",modificacion-de-embrague-para-pedales-logitech-invertidos,"2024-07-01 10:25:04",publish
1163,,20240426_153202-r,"2024-05-08 14:40:41",inherit
1162,,20240426_153051-r,"2024-05-08 14:40:16",inherit
1158,,20240426_152332-r,"2024-05-08 14:33:35",inherit
1157,,20240426_152057-r2,"2024-05-08 14:33:13",inherit
1156,,20240426_151619-r2,"2024-05-08 14:32:53",inherit
1155,,20240426_150833-r,"2024-05-08 14:32:33",inherit
1154,,20240426_155244-r,"2024-05-08 14:20:59",inherit
1153,,20240426_155200-r,"2024-05-08 14:20:38",inherit
1152,,20240426_155132-r,"2024-05-08 14:19:56",inherit
1151,,combo-x-cb-adap-silla,"2024-05-08 14:17:13",inherit
1150,"Soporte Racer X + Adaptador para Silla + Sillón Ergonómico DK1",soporte-racer-x-adaptador-para-silla-sillon-ergonomico-dk1,"2024-05-08 14:15:48",publish
1144,,combo-x-cb-band-po-2,"2024-04-26 15:58:53",inherit
1143,,combo-esc-lambda-silla-dk1-2,"2024-04-26 15:55:02",inherit
1141,"Escritorio Lambda + Sillón Ergonómico DK1",escritorio-lambda-sillon-ergonomico-dk1,"2024-04-26 15:49:22",draft
1142,,combo-esc-lambda-silla-dk1,"2024-04-26 15:46:32",inherit
1139,"Soporte Racer X + Bandeja Portaobjetos",soporte-racer-x-bandeja-portaobjetos,"2024-04-26 15:38:56",publish
1140,,combo-x-cb-band-po,"2024-04-26 15:36:21",inherit
1138,,combo-deals,"2024-04-26 14:59:22",inherit
1128,"Sillón Gamer Ergonómico DK1",sillon-gamer-dk1,"2024-04-26 14:28:56",publish
1137,,roja-frente,"2024-04-26 14:27:34",inherit
1136,,roja-atras-derecha,"2024-04-26 14:27:31",inherit
1135,,negra-frente,"2024-04-26 14:27:27",inherit
1134,,negra-atras-derecha,"2024-04-26 14:27:24",inherit
1133,,medidas-2,"2024-04-26 14:27:20",inherit
1132,,roja-frente-derecha,"2024-04-26 14:25:11",inherit
1131,,negra-frente-derecha,"2024-04-26 14:24:31",inherit
1123,"Bandeja Portaobjetos Regulable",bandeja-portaobjetos-regulable,"2024-04-22 15:51:42",publish
1125,,photoroom-20240307_154748,"2024-04-22 15:49:00",inherit
1124,,photoroom-20240307_172638,"2024-04-22 15:48:45",inherit
1121,"TV Stands con logo",tv-stands-con-logo,"2024-04-19 17:19:51",inherit
1120,"TV Stands",tv-stands,"2024-04-19 17:15:55",inherit
1118,"Gaming Hardware 1280x540 v2",gaming-hardware-1280x540-v2,"2024-04-19 16:54:57",inherit
1116,"Gaming Hardware 1280x540",gaming-hardware-1280x540,"2024-04-19 16:37:53",inherit
1115,"Gaming Hardware test 1349x540",gaming-hardware-test-1349x540,"2024-04-19 16:23:03",inherit
1109,"Gaming Hardware (3200 x 1400 px)",gaming-hardware-3200-x-1400-px,"2024-04-18 16:27:16",inherit
1107,"Gaming Hardware HR",gaming-hardware-hr,"2024-04-18 15:54:11",inherit
1106,,gaming-hardware-wide-2,"2024-04-18 15:49:54",inherit
1102,,gaming-hardware,"2024-04-18 15:36:10",inherit
1082,,photoroom-20240412_193710,"2024-04-14 19:58:20",inherit
1081,,photoroom-20240412_193148,"2024-04-14 19:58:09",inherit
1080,,photoroom-20240412_192237,"2024-04-14 19:57:58",inherit
1079,,photoroom-20240412_191941,"2024-04-14 19:57:47",inherit
1078,,photoroom-20240412_191648,"2024-04-14 19:57:37",inherit
1077,"Escritorio Gamer/Office Lambda",escritorio-gamer-office-lambda-2,"2024-04-14 19:52:38",draft
1033,"Escritorio Gamer/Office Lambda con Accesorios",escritorio-gamer-office-lambda,"2024-03-22 18:06:36",draft
1068,,picsart_24-03-14_12-56-22-981,"2024-03-22 18:02:42",inherit
1067,,picsart_24-03-14_12-55-09-661,"2024-03-22 18:02:36",inherit
1066,,picsart_24-03-14_12-53-55-003,"2024-03-22 18:02:30",inherit
1065,Picsart_24-03-14_12-52-17-796,picsart_24-03-14_12-52-17-796,"2024-03-22 18:02:24",inherit
1064,,picsart_24-03-14_12-52-14-591,"2024-03-22 18:02:19",inherit
1063,,picsart_24-03-14_11-41-11-266,"2024-03-22 18:02:13",inherit
1062,,photoroom-20240314_113635,"2024-03-22 18:02:01",inherit
1061,,photoroom-20240313_193822,"2024-03-22 18:01:48",inherit
1060,,photoroom-20240313_193223,"2024-03-22 18:01:30",inherit
1059,,photoroom-20240313_182352,"2024-03-22 18:01:18",inherit
1058,,ks5907726290-10,"2024-03-22 18:01:07",inherit
1057,,diapositiva4,"2024-03-22 18:00:59",inherit
1056,,diapositiva3,"2024-03-22 18:00:55",inherit
1055,,diapositiva2,"2024-03-22 18:00:49",inherit
1054,,diapositiva1-2,"2024-03-22 18:00:44",inherit
1053,,photoroom-20240313_180502-1,"2024-03-22 17:56:58",inherit
1042,Folletos-Sop-TV,folletos-sop-tv,"2024-03-20 15:20:03",inherit
1039,Imágenes,imagenes,"2024-03-20 15:19:04",private
1036,,slide-usos-con-est,"2024-03-16 15:53:17",inherit
1035,,slide-usos-sin-est,"2024-03-16 15:52:28",inherit
1034,,slide-usos,"2024-03-16 15:40:45",inherit
1009,"Soporte Para TV LED/LCD 32″ a 65″ Terra Stand",soporte-para-tv-led-lcd-32%e2%80%b3-a-65%e2%80%b3-terra-stand,"2024-03-14 15:50:20",publish
1031,,20240304_194146-r,"2024-03-13 12:09:20",inherit
1030,,20240304_181624-r,"2024-03-13 12:08:59",inherit
1029,,20240304_181456-r,"2024-03-13 12:08:36",inherit
1028,,20240304_180147-r,"2024-03-13 12:08:14",inherit
1027,,20240304_175557-r,"2024-03-13 12:07:51",inherit
1026,,20240304_175321-r,"2024-03-13 12:07:27",inherit
1023,,render-folleto-sin-est-2,"2024-03-13 11:35:14",inherit
1022,"Render folleto sin-est",render-folleto-sin-est,"2024-03-13 11:35:12",inherit
1021,,slide-specs-sin-est,"2024-03-13 11:34:53",inherit
1020,,slide-specs-2,"2024-03-13 10:22:35",inherit
1019,,slide-folleto,"2024-03-13 10:22:30",inherit
1018,,20240304_174800-r,"2024-03-13 10:22:11",inherit
1017,,20240304_174648-r,"2024-03-13 10:21:48",inherit
1016,,20240304_174140-r,"2024-03-13 10:21:25",inherit
1015,,20240304_173701-r,"2024-03-13 10:21:02",inherit
1014,,20240304_172537-r,"2024-03-13 10:20:38",inherit
1013,,20240304_170946-r,"2024-03-13 10:20:14",inherit
1012,,20240304_170813-r-2,"2024-03-13 10:19:49",inherit
1011,"20240304_170813 (R)",20240304_170813-r,"2024-03-13 10:19:39",inherit
1010,,20240304_170138-r,"2024-03-13 10:19:17",inherit
1008,,slide-specs,"2024-03-12 20:03:00",inherit
1007,,render-folleto,"2024-03-12 20:02:56",inherit
1004,,banner-web-cyberfest-2024,"2024-03-11 14:42:48",inherit
953,,photoroom-20231027_164440-2,"2023-11-07 08:47:01",inherit
952,,photoroom-20231027_164227-2,"2023-11-07 08:46:32",inherit
951,,photoroom-20231027_164058-2,"2023-11-07 08:46:11",inherit
950,,photoroom-20231027_163830-2,"2023-11-07 08:45:57",inherit
949,,photoroom-20231027_163734,"2023-11-07 08:45:45",inherit
948,,photoroom-20231027_163629-2,"2023-11-07 08:45:33",inherit
947,,curvas,"2023-11-07 08:45:28",inherit
946,,photoroom-20231025_171707,"2023-11-07 08:44:29",inherit
945,,photoroom-20231025_164718,"2023-11-07 08:43:42",inherit
944,,photoroom-20231031_171310,"2023-11-07 08:34:38",inherit
943,,photoroom-20231031_170201,"2023-11-07 08:33:23",inherit
942,,photoroom-20231031_171842,"2023-11-07 08:32:10",inherit
941,,photoroom-20231025_171009,"2023-11-07 08:31:12",inherit
940,,photoroom-20231025_164524,"2023-11-07 08:29:40",inherit
932,,photoroom-20231025_171833,"2023-11-07 08:04:17",inherit
931,,photoroom-20231025_165225,"2023-11-07 08:03:55",inherit
930,,photoroom-20231027_164440,"2023-11-07 08:01:54",inherit
929,,photoroom-20231027_164227,"2023-11-07 08:01:23",inherit
928,,photoroom-20231027_164058,"2023-11-07 08:00:58",inherit
927,,photoroom-20231027_163830,"2023-11-07 08:00:43",inherit
926,,photoroom-20231027_163629,"2023-11-07 08:00:28",inherit
925,,curves,"2023-11-07 08:00:21",inherit
924,,photoroom-20231031_170906,"2023-11-07 07:57:48",inherit
923,,photoroom-20231031_164915,"2023-11-07 07:56:03",inherit
922,,photoroom-20231031_171552,"2023-11-07 07:54:59",inherit
921,,photoroom-20231025_170654,"2023-11-07 07:52:34",inherit
920,,photoroom-20231025_164956,"2023-11-07 07:51:04",inherit
903,,photoroom-20231025_162327,"2023-10-25 16:51:58",inherit
902,,photoroom-20231025_151610,"2023-10-25 16:51:43",inherit
901,,photoroom-20231024_195127,"2023-10-25 16:51:20",inherit
900,,photoroom-20231024_194047,"2023-10-25 16:51:05",inherit
899,,photoroom-20231024_193906,"2023-10-25 16:50:48",inherit
898,,photoroom-20231024_193706,"2023-10-25 16:50:32",inherit
897,,photoroom-20231024_193333,"2023-10-25 16:50:17",inherit
896,,photoroom-20231025_162452,"2023-10-25 16:46:32",inherit
895,,photoroom-20231024_215544,"2023-10-25 16:46:18",inherit
894,,photoroom-20231024_215022,"2023-10-25 16:46:06",inherit
893,,photoroom-20231024_214006,"2023-10-25 16:45:51",inherit
892,,photoroom-20231024_213037,"2023-10-25 16:45:35",inherit
891,,photoroom-20231024_211757,"2023-10-25 16:45:21",inherit
890,,photoroom-20231024_211402,"2023-10-25 16:45:10",inherit
861,,banner-web-fix-2,"2023-08-11 11:08:34",inherit
845,,presentacion4-2,"2023-07-17 20:14:21",inherit
832,20221114_192218,20221114_192218-2,"2023-06-11 20:44:38",inherit
831,20221114_191849,20221114_191849-2,"2023-06-11 20:44:23",inherit
830,20221114_191030,20221114_191030-2,"2023-06-11 20:44:03",inherit
829,,20221114_185916-2,"2023-06-11 20:43:42",inherit
828,"Soporte Regulable Racer X (Dark Edition) + X Seat con Butaca DK1",,"2023-06-11 20:42:03",draft
827,"soporte con shifter 3 bujes negros",soporte-con-shifter-3-bujes-negros,"2023-06-11 20:37:49",inherit
826,"soporte con shifter 2 bujes negros",soporte-con-shifter-2-bujes-negros,"2023-06-11 20:37:37",inherit
825,"soporte con shifter 1 bujes negros",soporte-con-shifter-1-bujes-negros,"2023-06-11 20:37:25",inherit
824,PhotoRoom-20230611_173338,photoroom-20230611_173338,"2023-06-11 20:37:15",inherit
823,PhotoRoom-20230611_172920,photoroom-20230611_172920,"2023-06-11 20:37:07",inherit
822,"soporte con shifter 5 bujes negros",soporte-con-shifter-5-bujes-negros,"2023-06-11 20:36:53",inherit
821,"Soporte Regulable Racer X (Dark Edition) con Bandeja para Palanca de Cambios",soporte-regulable-racer-x-dark-edition-con-bandeja-para-palanca-de-cambios,"2023-06-11 20:01:48",private
774,20230223_133923,20230223_133923,"2023-03-11 14:26:57",inherit
773,20230223_133432,20230223_133432,"2023-03-11 14:26:44",inherit
744,Diapositiva1,diapositiva1,"2023-02-27 23:11:49",inherit
722,,20221115_153326,"2023-01-17 16:44:09",inherit
721,,20221115_153129,"2023-01-17 16:43:55",inherit
720,,20221115_152921,"2023-01-17 16:43:41",inherit
719,,20221115_152621,"2023-01-17 16:43:25",inherit
716,,picsart_22-12-27_16-09-19-789,"2023-01-17 16:06:36",inherit
715,,picsart_22-12-27_16-08-30-813,"2023-01-17 16:06:28",inherit
714,,picsart_22-12-27_16-08-02-107,"2023-01-17 16:06:16",inherit
713,,picsart_22-12-27_16-07-21-345,"2023-01-17 16:06:05",inherit
712,,picsart_22-12-27_17-03-53-227,"2023-01-17 16:05:54",inherit
711,,picsart_22-12-27_17-00-34-607,"2023-01-17 16:05:37",inherit
709,,picsart_22-12-27_16-59-05-967,"2023-01-17 15:50:32",inherit
708,,picsart_22-12-27_16-58-12-902,"2023-01-17 15:50:21",inherit
705,20221114_192218,20221114_192218,"2023-01-16 23:41:03",inherit
704,20221114_191849,20221114_191849,"2023-01-16 23:40:43",inherit
703,20221114_191030,20221114_191030,"2023-01-16 23:40:24",inherit
702,,20221114_185916,"2023-01-16 23:40:06",inherit
701,Picsart_22-12-27_14-23-09-795,picsart_22-12-27_14-23-09-795,"2023-01-16 23:38:56",inherit
700,20221114_193910,20221114_193910,"2023-01-16 23:38:44",inherit
699,,20221114_192956,"2023-01-16 23:38:28",inherit
690,Presentación5,presentacion5,"2022-12-07 12:26:36",inherit
689,20221130_210920,20221130_210920,"2022-12-07 12:26:22",inherit
688,20221130_210518,20221130_210518,"2022-12-07 12:26:05",inherit
687,20221130_210058,20221130_210058,"2022-12-07 12:25:48",inherit
686,20221130_202346,20221130_202346,"2022-12-07 12:25:31",inherit
684,"Soporte Para TV LED/LCD 32"" a 65"" TV Stand con estantes",soporte-para-tv-led-lcd-32-a-65-tv-stand-con-estantes,"2022-12-07 12:11:20",publish
683,Presentación4,presentacion4,"2022-12-07 12:09:18",inherit
682,,regulacion-en-altura,"2022-12-05 13:35:00",inherit
681,,picsart_22-12-05_08-45-31-285,"2022-12-05 13:34:46",inherit
680,,medidas,"2022-12-05 13:34:43",inherit
679,,20221130_193850,"2022-12-05 13:34:29",inherit
678,,20221130_193802,"2022-12-05 13:34:16",inherit
677,,20221130_192207,"2022-12-05 13:33:57",inherit
676,,20221130_192012,"2022-12-05 13:33:37",inherit
675,,20221130_191815,"2022-12-05 13:33:18",inherit
667,,20220919_144649,"2022-09-29 23:38:49",inherit
666,,20220919_142821,"2022-09-29 23:38:39",inherit
665,,20220919_142529,"2022-09-29 23:38:29",inherit
664,,20220919_095630,"2022-09-29 23:38:16",inherit
663,,20220919_144538,"2022-09-29 23:37:30",inherit
655,,new-csl-home,"2022-08-29 11:55:15",inherit
653,,banner-web-fix,"2022-08-29 11:41:53",inherit
652,,banner-web-2,"2022-08-28 23:17:42",inherit
649,,soporte-5,"2022-08-09 21:13:35",inherit
648,,soporte-4,"2022-08-09 21:13:15",inherit
647,,soporte-3,"2022-08-09 21:12:56",inherit
646,,soporte-2,"2022-08-09 21:12:34",inherit
645,,soporte-1,"2022-08-09 21:12:12",inherit
644,,solo-soporte-1,"2022-08-09 21:11:41",inherit
643,,soporte-con-shifter-5,"2022-08-09 21:04:38",inherit
642,,soporte-con-shifter-4,"2022-08-09 21:04:18",inherit
641,,soporte-con-shifter-3,"2022-08-09 21:03:59",inherit
640,,soporte-con-shifter-2,"2022-08-09 21:03:39",inherit
639,,soporte-con-shifter-1,"2022-08-09 21:03:20",inherit
638,,solo-soporte-3,"2022-08-09 21:02:53",inherit
637,,solo-soporte-2,"2022-08-09 21:02:21",inherit
635,,butaca-2,"2022-08-01 01:12:00",inherit
634,,butaca-1,"2022-08-01 01:11:48",inherit
633,"Agregado de Butaca X Seat DK1",agregado-de-butaca-x-seat-dk1,"2022-08-01 01:10:07",publish
632,,soporte-completo-4,"2022-08-01 01:05:02",inherit
631,,soporte-completo-3,"2022-08-01 01:04:47",inherit
630,,soporte-completo-2,"2022-08-01 01:04:35",inherit
629,,soporte-completo-1,"2022-08-01 01:04:22",inherit
628,"Soporte Regulable Racer X + X Seat con Butaca DK1",soporte-regulable-racer-x-x-seat-con-butaca-dk1,"2022-08-01 01:00:57",publish
591,"Kit de Conversión Pedalera Dual Fanatec New CSL & CSL Elite Pedals",kit-de-conversion-pedalera-dual-fanatec-new-csl-csl-elite-pedals,"2022-05-24 19:43:10",publish
605,,portada-elite,"2022-05-24 19:39:29",inherit
604,,izq-vacia,"2022-05-24 19:39:18",inherit
603,,izq-elite,"2022-05-24 19:39:08",inherit
602,,izq-csl,"2022-05-24 19:38:55",inherit
601,,frontal-elite,"2022-05-24 19:38:44",inherit
600,,frontal-csl,"2022-05-24 19:38:31",inherit
599,,detalle-logo,"2022-05-24 19:38:16",inherit
598,,der-vacia,"2022-05-24 19:38:05",inherit
597,,der-elite,"2022-05-24 19:37:54",inherit
596,,der-csl,"2022-05-24 19:37:43",inherit
595,,conversion-elite,"2022-05-24 19:37:39",inherit
594,,conversion-csl,"2022-05-24 19:37:37",inherit
593,,atras-elite,"2022-05-24 19:37:28",inherit
592,,portada-csl,"2022-05-24 19:36:00",inherit
573,20220314_174327,20220314_174327,"2022-03-23 10:57:07",inherit
572,20220314_173822,20220314_173822,"2022-03-23 10:56:56",inherit
570,,photoroom-20220314_175714,"2022-03-15 19:45:16",inherit
569,,photoroom-20220314_175523,"2022-03-15 19:45:08",inherit
568,,photoroom-20220314_175321,"2022-03-15 19:45:02",inherit
567,,photoroom-20220314_170602,"2022-03-15 19:44:54",inherit
566,"Adaptador para Silla Gamer/De Oficina",adaptador-para-silla-gamer-de-oficina,"2022-03-15 19:21:59",publish
562,,20210721_110419-2,"2022-03-09 14:22:17",inherit
561,,20210721_105743-2,"2022-03-09 14:22:03",inherit
560,"Agregado de Butaca X Seat MEC M-Simu Separado",agregado-de-butaca-x-seat-mec-m-simu-separado,"2022-03-09 14:19:49",private
559,,20210720_200135-2,"2022-03-09 14:17:41",inherit
558,,20210720_195754_richtonehdr-2,"2022-03-09 14:17:19",inherit
557,"Agregado de Butaca X Seat Sport Separado",agregado-de-butaca-x-seat-sport-separado,"2022-03-09 14:13:39",private
542,"Kit De Conversión Pedalera Logitech con Reposapies",kit-de-conversion-pedalera-logitech-con-reposapies,"2022-02-01 14:34:28",publish
549,,photoroom-20211220_081055,"2022-02-01 14:32:42",inherit
548,,photoroom-20211220_080557,"2022-02-01 14:32:18",inherit
547,,photoroom-20211220_080012,"2022-02-01 14:32:03",inherit
546,,photoroom-20211220_075636,"2022-02-01 14:31:44",inherit
545,,photoroom-20211219_181747,"2022-02-01 14:31:25",inherit
544,,photoroom-20211215_121651,"2022-02-01 14:31:10",inherit
543,,photoroom-20211215_121049,"2022-02-01 14:30:51",inherit
539,"Palanca de Cambios Logitech Driving Force",palanca-de-cambios-logitech-driving-force,"2022-01-04 13:45:26",private
540,,shifter-logitech,"2022-01-04 13:45:06",inherit
538,"Volante Logitech G29 Driving Force",volante-logitech-g29-driving-force,"2022-01-04 13:26:22",private
537,,logitech-g29,"2022-01-04 13:15:53",inherit
534,,photoroom-20211219_180757,"2021-12-20 12:24:06",inherit
533,,photoroom-20211219_180537,"2021-12-20 12:23:41",inherit
532,,photoroom-20211219_180207,"2021-12-20 12:23:16",inherit
531,,photoroom-20211219_175827,"2021-12-20 12:22:54",inherit
530,,photoroom-20211219_175316,"2021-12-20 12:22:42",inherit
529,,photoroom-20211219_174939,"2021-12-20 12:22:23",inherit
528,,photoroom-20211219_174502,"2021-12-20 12:22:00",inherit
527,,photoroom-20211219_174201,"2021-12-20 12:21:36",inherit
525,,20211207_185950,"2021-12-10 16:40:47",inherit
524,,20211207_173120,"2021-12-10 16:40:39",inherit
523,,20211207_171619,"2021-12-10 16:40:31",inherit
522,,20211207_171156,"2021-12-10 16:40:22",inherit
521,,20211207_171155,"2021-12-10 16:40:14",inherit
520,,20211207_170602,"2021-12-10 16:40:05",inherit
512,"Bandeja Regulable para Teclado",bandeja-regulable-para-teclado,"2021-11-24 19:47:27",publish
516,,photoroom-20211124_145514,"2021-11-24 19:46:21",inherit
515,,photoroom-20211124_144718,"2021-11-24 19:46:01",inherit
514,,photoroom-20211124_144141,"2021-11-24 19:45:43",inherit
513,,photoroom-20211124_142610,"2021-11-24 19:45:32",inherit
505,,photoroom-20210915_184354,"2021-10-18 15:31:10",inherit
504,,photoroom-20210915_175401,"2021-10-18 15:30:59",inherit
503,,photoroom-20210915_175158,"2021-10-18 15:30:47",inherit
496,,photoroom-20210915_185859,"2021-09-30 20:00:41",inherit
495,,photoroom-20210915_174146,"2021-09-30 20:00:32",inherit
494,,photoroom-20210915_165512,"2021-09-30 20:00:24",inherit
493,,photoroom-20210915_165201,"2021-09-30 20:00:17",inherit
490,"Soporte Regulable Racer S + X Seat Separado con Butaca DK1",soporte-regulable-racer-x-x-seat-separado-con-butaca-sport,"2021-09-28 12:52:07",publish
492,,butaca1-separada-2,"2021-09-28 12:51:32",inherit
491,,butaca1-separada-1,"2021-09-28 12:51:19",inherit
485,"Soporte Regulable Racer X + X Seat Separado con Butaca MEC M-Simu",soporte-regulable-racer-x-x-seat-separado-con-butaca-mec-m-simu,"2021-09-28 12:44:52",private
487,,butaca2-separada-2,"2021-09-28 12:44:00",inherit
486,,butaca2-separada-1,"2021-09-28 12:43:49",inherit
484,,estructura-2,"2021-09-28 12:09:24",inherit
483,,estructura-1,"2021-09-28 12:09:13",inherit
482,"Soporte Regulable Racer X + X Seat sin Butaca",soporte-racer-x-x-seat-sin-butaca,"2021-09-28 12:08:34",publish
481,,butaca2-4,"2021-09-28 11:59:52",inherit
480,,butaca2-3,"2021-09-28 11:59:41",inherit
479,,butaca2-2,"2021-09-28 11:59:29",inherit
478,,butaca2-1,"2021-09-28 11:59:16",inherit
477,,butaca1-4,"2021-09-28 11:56:54",inherit
476,,butaca1-3,"2021-09-28 11:56:40",inherit
475,,butaca1-2,"2021-09-28 11:56:28",inherit
474,,butaca1-1,"2021-09-28 11:56:17",inherit
473,,20210925_152716,"2021-09-28 11:51:17",inherit
472,,picsart_09-25-07-20-59,"2021-09-26 00:46:39",inherit
471,,editada2,"2021-09-25 23:10:50",inherit
470,,editada1,"2021-09-25 23:10:45",inherit
469,,photoroom-20210925_185806,"2021-09-25 23:05:37",inherit
468,,photoroom-20210925_185739,"2021-09-25 23:05:28",inherit
467,,photoroom-20210925_184839,"2021-09-25 23:05:18",inherit
466,,photoroom-20210925_173627,"2021-09-25 23:05:00",inherit
465,PhotoRoom-20210925_173133,photoroom-20210925_173133,"2021-09-25 23:04:47",inherit
464,PhotoRoom-20210925_171757,photoroom-20210925_171757,"2021-09-25 23:04:40",inherit
463,,photoroom-20210925_171002,"2021-09-25 23:04:30",inherit
460,,racer-x-pdc-miniatura,"2021-09-18 22:42:15",inherit
459,,20210917_110857,"2021-09-18 22:42:05",inherit
458,,20210917_110125,"2021-09-18 22:41:51",inherit
457,,20210917_110034,"2021-09-18 22:41:39",inherit
453,"Bandeja Regulable para Palanca De Cambios",bandeja-regulable-para-palanca-de-cambios,"2021-09-18 14:20:14",publish
456,,photoroom-20210915_172632,"2021-09-18 13:59:08",inherit
455,,photoroom-20210915_172243,"2021-09-18 13:58:58",inherit
454,,photoroom-20210915_171044,"2021-09-18 13:58:48",inherit
452,"Racer X Miniatura",racer-x-miniatura-2,"2021-09-18 13:45:16",inherit
450,20210917_111045,20210917_111045,"2021-09-18 13:13:55",inherit
449,20210917_105126,20210917_105126,"2021-09-18 13:13:36",inherit
448,20210917_105052,20210917_105052,"2021-09-18 13:13:16",inherit
447,20210917_104734,20210917_104734,"2021-09-18 13:12:08",inherit
446,20210917_095705,20210917_095705,"2021-09-18 13:10:21",inherit
442,Racer-Scb-Plegado-2,racer-scb-plegado-2,"2021-09-14 20:27:37",inherit
441,Racer-Scb-Plegado-1,racer-scb-plegado-1,"2021-09-14 20:27:26",inherit
440,Racer-Scb-Detalle,racer-scb-detalle,"2021-09-14 20:27:15",inherit
439,Racer-Scb-Atras,racer-scb-atras-2,"2021-09-14 20:27:04",inherit
438,Racer-Scb-Adelante-2,racer-scb-adelante-2,"2021-09-14 20:26:54",inherit
437,Racer-Scb-Adelante,racer-scb-adelante,"2021-09-14 20:26:45",inherit
431,"Política de devoluciones y reembolsos",reembolso_devoluciones,"2021-09-09 11:57:45",draft
428,Racer-S-Plegado2,racer-s-plegado2,"2021-09-06 17:50:32",inherit
427,Racer-S-Plegado1,racer-s-plegado1,"2021-09-06 17:50:16",inherit
426,Racer-S-Detalle,racer-s-detalle,"2021-09-06 17:50:01",inherit
425,Racer-Scb-Plegado2,racer-scb-plegado2,"2021-09-06 17:49:47",inherit
424,Racer-Scb-Plegado1,racer-scb-plegado1,"2021-09-06 17:49:32",inherit
423,Racer-Scb-Izquierda,racer-scb-izquierda,"2021-09-06 17:49:22",inherit
422,Racer-Scb-Derecha,racer-scb-derecha,"2021-09-06 17:49:13",inherit
421,Racer-Scb-Atras,racer-scb-atras,"2021-09-06 17:49:02",inherit
419,Racer-S-Atras,racer-s-atras,"2021-09-06 17:48:53",inherit
418,Racer-S-Adelante,racer-s-adelante,"2021-09-06 17:48:44",inherit
415,"Estructura para Butaca X Seat c/Caños",estructura-para-butaca-x-seat-c-adaptadores-racing,"2021-08-25 13:23:08",publish
396,"Pomo JD Custom para Palanca de Cambios Logitech G27/G29/G923",pomo-palanca-de-cambios-logitech-g27-g29-g923,"2021-08-21 19:11:04",private
405,PhotoRoom-20210821_151204,photoroom-20210821_151204,"2021-08-21 19:08:57",inherit
404,PhotoRoom-20210821_150736,photoroom-20210821_150736,"2021-08-21 19:08:47",inherit
403,PhotoRoom-20210821_150723,photoroom-20210821_150723,"2021-08-21 19:08:39",inherit
402,PhotoRoom-20210821_150706,photoroom-20210821_150706,"2021-08-21 19:08:31",inherit
401,PhotoRoom-20210821_145846,photoroom-20210821_145846,"2021-08-21 19:08:20",inherit
400,PhotoRoom-20210821_145831,photoroom-20210821_145831,"2021-08-21 19:08:09",inherit
399,PhotoRoom-20210821_145811,photoroom-20210821_145811,"2021-08-21 19:07:55",inherit
398,PhotoRoom-20210821_145748,photoroom-20210821_145748,"2021-08-21 19:07:40",inherit
397,PhotoRoom-20210821_145728,photoroom-20210821_145728,"2021-08-21 19:07:26",inherit
386,"Adaptadores de Butaca tipo Racing",adaptadores-de-butaca-tipo-racing,"2021-08-02 22:35:57",publish
388,"agregado butaca esquies 2",agregado-butaca-esquies-2,"2021-08-02 22:35:06",inherit
387,"agregado butaca esquies 1",agregado-butaca-esquies-1,"2021-08-02 22:34:49",inherit
374,"Estructura para Butaca X Seat",estructura-para-butaca-x-seat,"2021-08-02 22:10:12",publish
385,20210721_110419,20210721_110419,"2021-08-02 22:00:33",inherit
384,20210721_105743,20210721_105743,"2021-08-02 22:00:06",inherit
383,20210720_200135,20210720_200135,"2021-08-02 21:59:42",inherit
382,20210720_195754_Richtone(HDR),20210720_195754_richtonehdr,"2021-08-02 21:59:20",inherit
381,20210720_190557,20210720_190557,"2021-08-02 21:58:58",inherit
380,20210720_190203,20210720_190203,"2021-08-02 21:58:35",inherit
379,20210720_190110,20210720_190110,"2021-08-02 21:58:16",inherit
378,20210720_185517_Richtone(HDR),20210720_185517_richtonehdr,"2021-08-02 21:57:56",inherit
377,20210720_185413,20210720_185413,"2021-08-02 21:57:37",inherit
376,20210720_185108,20210720_185108,"2021-08-02 21:57:14",inherit
375,20210720_185013,20210720_185013,"2021-08-02 21:56:55",inherit
373,,20210721_105159,"2021-08-02 20:37:56",inherit
372,,20210721_105031_richtonehdr,"2021-08-02 20:37:34",inherit
371,,20210721_104418,"2021-08-02 20:34:31",inherit
370,,20210721_104011_richtonehdr,"2021-08-02 20:34:08",inherit
365,20210417_180836,20210417_180836,"2021-07-17 15:21:38",inherit
364,20210417_180341,20210417_180341,"2021-07-17 15:21:11",inherit
363,20210417_180228,20210417_180228,"2021-07-17 15:20:49",inherit
362,20210417_180036,20210417_180036,"2021-07-17 15:20:31",inherit
361,"barra x3",barra-x3,"2021-07-17 15:04:03",inherit
355,"cp desarmada jpg",cp-desarmada-jpg,"2021-06-26 17:14:57",inherit
354,"cp atras jpg",cp-atras-jpg,"2021-06-26 17:14:44",inherit
353,"cp armada jpg",cp-armada-jpg,"2021-06-26 17:14:29",inherit
352,"cp adelante 2 jpg",cp-adelante-2-jpg,"2021-06-26 17:14:14",inherit
351,"cp adelante 1 jpg",cp-adelante-1-jpg,"2021-06-26 17:14:00",inherit
346,secuencial_2304x1728,secuencial_2304x1728,"2021-06-04 16:36:49",inherit
345,secuencial,secuencial-4,"2021-06-04 16:34:17",inherit
344,secuencial,secuencial-3,"2021-06-04 16:33:00",inherit
343,secuencial,secuencial-2,"2021-06-04 16:32:19",inherit
342,secuencial,secuencial,"2021-06-04 16:31:57",inherit
335,"Palanca Secuencial SecShift USB",palanca-secuencial-secshift-usb,"2021-06-02 00:40:47",private
338,secuencial2,secuencial2,"2021-06-01 23:04:17",inherit
337,secuencial1,secuencial1,"2021-06-01 23:04:03",inherit
336,"secuencial armada",secuencial-armada,"2021-06-01 23:03:53",inherit
330,"Soporte Regulable Racer S con Bandeja para Palanca de Cambios",soporte-regulable-racer-s-con-bandeja-para-palanca-de-cambios,"2021-05-10 18:18:47",publish
319,"Soporte Regulable Racer S sin Bandeja para Palanca de Cambios",soporte-regulable-racer-s,"2021-05-10 17:56:21",publish
326,atras2,atras2,"2021-05-10 17:54:09",inherit
325,atras1,atras1,"2021-05-10 17:53:57",inherit
324,"atras shifter",atras-shifter,"2021-05-10 17:53:47",inherit
323,adelante2,adelante2,"2021-05-10 17:53:35",inherit
322,adelante1,adelante1,"2021-05-10 17:53:24",inherit
321,"adelante shifter",adelante-shifter,"2021-05-10 17:53:15",inherit
320,parado,parado,"2021-05-10 17:53:01",inherit
317,fdm1,fdm1,"2021-05-06 16:55:57",inherit
316,"fdm armado",fdm-armado,"2021-05-06 16:55:42",inherit
315,fdm3,fdm3,"2021-05-06 16:55:26",inherit
314,20210417_180855-min,20210417_180855-min,"2021-04-28 23:56:46",inherit
313,20210417_180341-min,20210417_180341-min,"2021-04-28 23:56:32",inherit
312,20210417_180223-min,20210417_180223-min,"2021-04-28 23:56:19",inherit
311,20210417_180036-min,20210417_180036-min,"2021-04-28 23:56:05",inherit
308,"Soporte Regulable Racer X + X Seat con Butaca MEC M-Simu",soporte-regulable-racer-x-x-seat-con-butaca-mec-m-simu,"2021-04-14 20:34:43",private
307,"Soporte Regulable Racer X + X Seat con Butaca Sport",soporte-regulable-racer-x-x-seat-con-butaca-sport,"2021-04-14 20:24:00",private
305,racerXsb1,racerxsb1,"2021-04-14 20:10:14",inherit
304,racerXsb2,racerxsb2,"2021-04-14 20:09:59",inherit
302,"completo butaca nueva 1",completo-butaca-nueva-1,"2021-04-14 15:08:43",inherit
301,"agregado butaca 2",agregado-butaca-2,"2021-04-14 15:08:29",inherit
300,"agregado butaca 1",agregado-butaca-1,"2021-04-14 15:08:15",inherit
299,"completo butaca nueva 2",completo-butaca-nueva-2,"2021-04-14 15:08:01",inherit
298,"freno de mano 3",freno-de-mano-3-2,"2021-04-14 14:19:07",inherit
297,"freno de mano 2",freno-de-mano-2-2,"2021-04-14 14:18:44",inherit
296,"freno de mano 1",freno-de-mano-1-2,"2021-04-14 14:18:25",inherit
295,"freno de mano 3",freno-de-mano-3,"2021-04-14 14:10:38",inherit
294,"freno de mano 2",freno-de-mano-2,"2021-04-14 14:10:24",inherit
293,"freno de mano 1",freno-de-mano-1,"2021-04-14 14:10:03",inherit
287,"Mesa para Notebook/Laptop Soporte Plegable",mesa-para-notebook-laptop-soporte-plegable,"2021-04-12 18:32:51",private
291,"desarmada jpg",desarmada-jpg,"2021-04-12 18:31:30",inherit
290,"completa2 jpg",completa2-jpg,"2021-04-12 18:31:19",inherit
289,"completa1 jpg",completa1-jpg,"2021-04-12 18:31:07",inherit
288,"armada jpg",armada-jpg,"2021-04-12 18:30:57",inherit
284,"soporte5 jpg",soporte5-jpg,"2021-03-20 16:59:57",inherit
283,"soporte4 jpg",soporte4-jpg,"2021-03-20 16:59:46",inherit
282,"soporte2 jpg",soporte2-jpg,"2021-03-20 16:59:36",inherit
281,"soporte3 jpg",soporte3-jpg,"2021-03-20 16:58:03",inherit
280,"Soporte Regulable Racer X sin Bandeja para Palanca de Cambios",soporte-regulable-racer-x-sin-bandeja-para-palanca-de-cambios,"2021-03-20 16:53:57",publish
279,soporte3,soporte3-2,"2021-03-20 16:52:16",inherit
274,"Kit Portabicicleta Para Barras Portaequipaje",kit-portabicicleta-para-barras-transversales,"2021-03-12 17:03:31",private
261,"Barras Portaequipaje Desmontable De Caja Pick-up Ranger/Hilux",barras-transversales-portaequipajes-de-caja-pick-up,"2021-03-12 16:51:42",private
272,"kit bici jpg-min",kit-bici-jpg-min,"2021-03-12 16:48:42",inherit
271,"barra x3 jpg-min",barra-x3-jpg-min,"2021-03-12 16:48:32",inherit
270,"barra x2 jpg-min",barra-x2-jpg-min,"2021-03-12 16:48:23",inherit
269,"barra x1 jpg-min",barra-x1-jpg-min,"2021-03-12 16:48:12",inherit
268,"barra jpg-min",barra-jpg-min,"2021-03-12 16:48:03",inherit
267,"20210226_091928_Richtone(HDR) jpg-min",20210226_091928_richtonehdr-jpg-min,"2021-03-12 16:47:50",inherit
266,"20210226_091839_Richtone(HDR) jpg-min",20210226_091839_richtonehdr-jpg-min,"2021-03-12 16:47:37",inherit
265,"20210226_091620_Richtone(HDR) jpg-min",20210226_091620_richtonehdr-jpg-min,"2021-03-12 16:47:26",inherit
264,"20210103_154056 jpg-min",20210103_154056-jpg-min,"2021-03-12 16:47:15",inherit
263,"20210103_153854 jpg-min",20210103_153854-jpg-min,"2021-03-12 16:47:05",inherit
262,"20210103_144206 jpg-min",20210103_144206-jpg-min,"2021-03-12 16:46:52",inherit
260,"barra x3 jpg",barra-x3-jpg,"2021-03-12 15:08:25",inherit
243,"Soporte para Auriculares Gamer/Headset Oficina",soporte-para-auriculares-gamer-headset-oficina,"2021-02-12 23:20:43",publish
247,"soporte auris 8 jpg",soporte-auris-8-jpg,"2021-02-12 23:20:25",inherit
246,"soporte auris 4 jpg",soporte-auris-4-jpg,"2021-02-12 23:20:15",inherit
245,"soporte auris 5",soporte-auris-5,"2021-02-12 23:18:47",inherit
244,"soporte auris 3",soporte-auris-3,"2021-02-12 23:18:37",inherit
242,"soporte auris 1",soporte-auris-1,"2021-02-12 23:05:13",inherit
240,,2jpg,"2021-02-02 14:23:35",inherit
239,1JPG,1jpg,"2021-02-02 14:23:23",inherit
238,3,3,"2021-02-02 14:22:05",inherit
235,"Agregado de Butaca X Seat Sport",agregado-de-butaca-x-seat-sport,"2020-10-26 16:21:32",private
227,"Freno De Mano Analógico AHB para PC",freno-de-mano-analogico-ahb-para-pc,"2020-09-26 18:10:05",private
232,fdm2jpg,fdm2jpg,"2020-09-26 18:08:10",inherit
231,fdm1jpg,fdm1jpg,"2020-09-26 18:08:00",inherit
230,fdmarmadojpg,fdmarmadojpg,"2020-09-26 18:07:49",inherit
229,fdm4jpg,fdm4jpg,"2020-09-26 18:07:38",inherit
228,fdm3jpg,fdm3jpg,"2020-09-26 18:07:30",inherit
226,delantejpg,delantejpg,"2020-09-24 19:32:45",inherit
225,atrasjpg,atrasjpg,"2020-09-24 19:32:31",inherit
224,armadosoportejpg,armadosoportejpg,"2020-09-24 19:32:19",inherit
223,armadojpg,armadojpg,"2020-09-24 19:32:08",inherit
222,foto4mec,foto4mec,"2020-08-26 20:11:38",inherit
221,foto3mec,foto3mec,"2020-08-26 20:11:19",inherit
220,foto2mec,foto2mec,"2020-08-26 20:10:59",inherit
219,foto1mec,foto1mec,"2020-08-26 20:10:42",inherit
218,,adelante,"2020-08-18 13:48:37",inherit
217,,lateral_1024x1024,"2020-08-18 13:44:48",inherit
216,,completo_sin_soporte_1024x1024,"2020-08-18 13:44:42",inherit
215,,completo_si_1024x1024,"2020-08-18 13:44:35",inherit
214,,adelante2_e54760b2-f077-44ab-9bef-109513625015_1024x1024,"2020-08-18 13:44:30",inherit
213,escritorio_480x,escritorio_480x-2,"2020-08-18 13:43:43",inherit
208,"Soporte Para TV LED/LCD 32"" a 65"" TV Stand",soporte-para-tv-led-32-a-55-jaditek-tv-stand,"2020-08-07 18:37:24",publish
210,,20200625_151813,"2020-08-07 18:36:44",inherit
209,,20200625_145317,"2020-08-07 18:36:28",inherit
199,,banner-web,"2020-08-02 17:25:24",inherit
190,Inicio,inicio,"2020-08-02 17:13:10",publish
134,"DHL Logo Chico",dhl-logo-chico,"2020-07-30 19:16:50",inherit
133,"DHL Logo",dhl-logo,"2020-07-30 19:10:56",inherit
116,"Banner nuevo",banner-nuevo,"2020-07-24 19:11:31",inherit
114,,20200625_144629,"2020-07-24 19:06:59",inherit
113,,20200625_144629-3,"2020-07-24 18:59:21",inherit
109,"Kit De Conversión Pedalera Logitech G27/G29/G923",kit-de-conversion-pedalera-logitech-g27-g29,"2020-07-24 18:42:15",publish
100,"Agregado de Butaca X Seat MEC M-Simu",agregado-de-butaca-x-seat,"2020-07-24 18:10:18",private
107,,esquies_a007db74-777c-4ecf-92fb-9f32af2489ef_1024x1024,"2020-07-24 18:09:46",inherit
106,,completo4_e2028168-a016-454f-af9f-25c1a53b5ef0_1024x1024,"2020-07-24 18:09:43",inherit
105,,completo3_82c616a0-0934-427f-a174-0cb272425f88_1024x1024,"2020-07-24 18:09:40",inherit
104,,completo2_7be6efbd-e06f-46e0-a74e-f32a50041acf_1024x1024,"2020-07-24 18:09:37",inherit
103,,completo1_554c1cfd-0c1f-4edb-aac4-b353dabc27ed_1024x1024,"2020-07-24 18:09:34",inherit
102,,butaca2_1024x1024,"2020-07-24 18:09:32",inherit
101,,butaca1_1024x1024,"2020-07-24 18:09:18",inherit
99,,soporte6_1024x1024,"2020-07-24 18:00:58",inherit
98,,soporte5_1024x1024,"2020-07-24 18:00:55",inherit
97,,soporte4_1024x1024,"2020-07-24 18:00:53",inherit
96,,soporte2_1024x1024,"2020-07-24 18:00:50",inherit
95,,soporte1_1024x1024,"2020-07-24 18:00:48",inherit
94,,esquies_1024x1024,"2020-07-24 18:00:43",inherit
93,,completo2_5557790b-ed8c-4dfd-99b4-a66f157899a3_720x-2,"2020-07-24 18:00:42",inherit
92,,completo1_be8c29ce-5603-44b5-95d5-28ff729b63bc_1024x1024,"2020-07-24 18:00:40",inherit
91,,20190326_170205_1024x1024,"2020-07-24 17:59:41",inherit
90,,20190326_170123_1024x1024,"2020-07-24 17:59:36",inherit
89,,20190326_165916_1024x1024,"2020-07-24 17:59:34",inherit
88,,20190326_165857_1024x1024,"2020-07-24 17:59:32",inherit
87,,20190326_165547_1024x1024,"2020-07-24 17:59:27",inherit
61,cropped-Isotipo-JD.png,cropped-isotipo-jd-png,"2020-07-21 19:18:04",inherit
60,"Isotipo JD",isotipo-jd,"2020-07-21 19:17:31",inherit
59,,simplenegro,"2020-07-21 19:05:27",inherit
48,,escritorio_480x,"2020-07-21 18:21:08",inherit
47,,completo2_5557790b-ed8c-4dfd-99b4-a66f157899a3_720x,"2020-07-21 18:20:14",inherit
46,,conversion_1_480x,"2020-07-21 18:17:31",inherit
44,banner-shopify-1_a6f9a444-c1f0-4052-b938-b1cf4b1caa45_1944x,banner-shopify-1_a6f9a444-c1f0-4052-b938-b1cf4b1caa45_1944x,"2020-07-21 17:54:29",inherit
39,cropped-soporte3-scaled-1.jpg,cropped-soporte3-scaled-1-jpg,"2020-07-21 17:16:59",inherit
38,cropped-JDLogoBlanco_175x.png,cropped-jdlogoblanco_175x-png,"2020-07-21 17:12:10",inherit
37,JDLogoBlanco_175x,jdlogoblanco_175x,"2020-07-21 17:12:01",inherit
36,cropped-JDLogoHD.png,cropped-jdlogohd-png,"2020-07-21 17:10:57",inherit
35,cropped-2-1.jpg,cropped-2-1-jpg,"2020-07-21 17:10:30",inherit
31,Contacto,contact,"2020-07-21 17:02:48",publish
32,Printscreeen_Maps_1024x1024,printscreeen_maps_1024x1024,"2020-07-21 17:02:09",inherit
29,Envíos,shipping,"2020-07-21 16:54:34",publish
25,cropped-2.jpg,cropped-2-jpg,"2020-07-20 18:44:10",inherit
24,2,2,"2020-07-20 18:43:54",inherit
21,JDLogoHD,jdlogohd,"2020-07-20 13:25:19",inherit
18,"Bienvenido a nuestra tienda",pagina-de-inicio,"2020-07-20 13:17:59",publish
19,other-small,other-small,"2020-07-20 13:17:59",inherit
11,"Soporte Regulable Racer X con Bandeja para Palanca de Cambios",soporte-regulable-racer-x,"2020-07-14 21:01:48",publish
12,,soporte3,"2020-07-14 21:00:28",inherit
6,Tienda,tienda,"2020-07-14 19:05:26",publish
7,Carrito,carrito,"2020-07-14 19:05:26",publish
8,"Finalizar compra",finalizar-compra,"2020-07-14 19:05:26",publish
9,"Mi cuenta",mi-cuenta,"2020-07-14 19:05:26",publish
5,woocommerce-placeholder,woocommerce-placeholder,"2020-07-14 18:57:55",inherit
1,"Hello world!",hello-world,"2020-07-14 15:42:07",publish
2,"Quiénes Somos",sample-page,"2020-07-14 15:42:07",publish
3,Políticas,policy,"2020-07-14 15:42:07",publish
